Region,Sub_region,Borough,Code,Ward,P16plus,NoQual,Level1,Level2,Level3,Level4_5,Other
London,Outer London,Barking and Dagenham,00ABFX,Abbey,7295,2183,1244,1275,615,1527,451
London,Outer London,Barking and Dagenham,00ABFY,Alibon,6406,2890,1309,1090,291,347,479
London,Outer London,Barking and Dagenham,00ABFZ,Becontree,7887,2897,1526,1387,612,962,503
London,Outer London,Barking and Dagenham,00ABGA,Chadwell Heath,6336,2382,1329,1157,336,658,474
London,Outer London,Barking and Dagenham,00ABGB,Eastbrook,7131,2657,1380,1426,409,673,586
London,Outer London,Barking and Dagenham,00ABGC,Eastbury,7143,3026,1244,1204,407,739,523
London,Outer London,Barking and Dagenham,00ABGD,Gascoigne,6401,2468,1038,1117,386,939,453
London,Outer London,Barking and Dagenham,00ABGE,Goresbrook,7002,3048,1347,1212,332,542,521
London,Outer London,Barking and Dagenham,00ABGF,Heath,6413,2889,1243,1075,303,461,442
London,Outer London,Barking and Dagenham,00ABGG,Longbridge,6435,1971,1154,1308,517,957,528
London,Outer London,Barking and Dagenham,00ABGH,Mayesbrook,6371,2936,1193,1111,322,353,456
London,Outer London,Barking and Dagenham,00ABGJ,Parsloes,6182,2804,1143,1087,290,398,460
London,Outer London,Barking and Dagenham,00ABGK,River,7134,2928,1480,1312,342,531,541
London,Outer London,Barking and Dagenham,00ABGL,Thames,5944,2224,1142,1058,372,755,393
London,Outer London,Barking and Dagenham,00ABGM,Valence,5995,2701,1120,1074,307,398,395
London,Outer London,Barking and Dagenham,00ABGN,Village,6645,2632,1329,1221,359,587,517
London,Outer London,Barking and Dagenham,00ABGP,Whalebone,6859,2237,1433,1450,426,788,525
London,Outer London,Barnet,00ACFX,Brunswick Park,10630,2354,1545,2127,1063,2864,677
London,Outer London,Barnet,00ACFY,Burnt Oak,10499,3235,1591,1945,898,2189,641
London,Outer London,Barnet,00ACFZ,Childs Hill,12761,1893,1035,1934,1571,5823,505
London,Outer London,Barnet,00ACGA,Colindale,10148,2576,1353,1819,1077,2734,589
London,Outer London,Barnet,00ACGB,Coppetts,10916,2197,1373,1906,1093,3832,515
London,Outer London,Barnet,00ACGC,East Barnet,11227,2446,1724,2272,1059,3050,676
London,Outer London,Barnet,00ACGD,East Finchley,10945,2007,967,1612,1033,4866,460
London,Outer London,Barnet,00ACGE,Edgware,10513,2305,1327,2248,1254,2904,475
London,Outer London,Barnet,00ACGF,Finchley Church End,10266,1444,782,1733,1331,4589,387
London,Outer London,Barnet,00ACGG,Garden Suburb,10493,944,640,1619,1272,5727,291
London,Outer London,Barnet,00ACGH,Golders Green,10944,1932,944,1779,1425,4367,497
London,Outer London,Barnet,00ACGJ,Hale,11060,2525,1472,2219,1158,3077,609
London,Outer London,Barnet,00ACGK,Hendon,11238,1944,944,1916,1496,4515,423
London,Outer London,Barnet,00ACGL,High Barnet,10060,1569,1257,2102,1035,3621,476
London,Outer London,Barnet,00ACGM,Mill Hill,10981,1980,1273,2276,1187,3713,552
London,Outer London,Barnet,00ACGN,Oakleigh,10665,2026,1349,2144,1166,3407,573
London,Outer London,Barnet,00ACGP,Totteridge,10432,1678,1055,2022,1125,4089,463
London,Outer London,Barnet,00ACGQ,Underhill,11059,3044,1640,2115,915,2638,707
London,Outer London,Barnet,00ACGR,West Finchley,10922,1715,882,1605,1195,5107,418
London,Outer London,Barnet,00ACGS,West Hendon,10878,2623,1143,1782,1187,3604,539
London,Outer London,Barnet,00ACGT,Woodhouse,11486,2369,1262,1943,1155,4191,566
London,Outer London,Bexley,00ADGA,Barnehurst,7490,2088,1628,1655,505,1014,600
London,Outer London,Bexley,00ADGB,Belvedere,7699,2305,1602,1703,510,968,611
London,Outer London,Bexley,00ADGC,Blackfen and Lamorbey,7602,2163,1688,1764,449,864,674
London,Outer London,Bexley,00ADGD,Blendon and Penhill,7584,2055,1542,1884,515,955,633
London,Outer London,Bexley,00ADGE,Brampton,7482,2051,1512,1803,483,900,733
London,Outer London,Bexley,00ADGF,Christchurch,7497,1851,1491,1700,590,1295,570
London,Outer London,Bexley,00ADGG,Colyers,7482,2478,1621,1618,417,750,598
London,Outer London,Bexley,00ADGH,Crayford,7158,2240,1568,1589,453,726,582
London,Outer London,Bexley,00ADGJ,Cray Meadows,7324,2305,1380,1532,499,1017,591
London,Outer London,Bexley,00ADGK,Danson Park,7485,2163,1566,1744,512,915,585
London,Outer London,Bexley,00ADGL,East Wickham,7511,2447,1546,1643,457,863,555
London,Outer London,Bexley,00ADGM,Erith,7028,2011,1464,1549,545,944,515
London,Outer London,Bexley,00ADGN,Falconwood and Welling,7519,2207,1641,1733,552,768,618
London,Outer London,Bexley,00ADGP,Lesnes Abbey,7735,2407,1514,1587,584,987,656
London,Outer London,Bexley,00ADGQ,Longlands,6829,1496,1183,1588,605,1476,481
London,Outer London,Bexley,00ADGR,North End,7250,2626,1599,1518,370,615,522
London,Outer London,Bexley,00ADGS,Northumberland Heath,7399,2186,1665,1711,444,746,647
London,Outer London,Bexley,00ADGT,St Mary`s,7395,1722,1395,1755,616,1334,573
London,Outer London,Bexley,00ADGU,St Michael`s,7590,2193,1737,1813,478,768,601
London,Outer London,Bexley,00ADGW,Sidcup,7463,1541,1302,1899,673,1561,487
London,Outer London,Bexley,00ADGX,Thamesmead East,7650,2352,1466,1524,502,1238,568
London,Outer London,Brent,00AEGJ,Alperton,9299,2615,1427,1593,912,2243,509
London,Outer London,Brent,00AEGK,Barnhill,9402,2132,1058,1632,986,3047,547
London,Outer London,Brent,00AEGL,Brondesbury Park,9094,1769,756,1382,1066,3699,422
London,Outer London,Brent,00AEGM,Dollis Hill,8868,2527,1084,1561,997,2135,564
London,Outer London,Brent,00AEGN,Dudden Hill,10279,2421,1110,1583,1193,3365,607
London,Outer London,Brent,00AEGP,Fryent,8699,2163,1188,1600,901,2308,539
London,Outer London,Brent,00AEGQ,Harlesden,8928,2700,1193,1581,826,2069,559
London,Outer London,Brent,00AEGR,Kensal Green,8364,2180,928,1370,888,2566,432
London,Outer London,Brent,00AEGS,Kenton,8876,1782,993,1725,992,2991,393
London,Outer London,Brent,00AEGT,Kilburn,11044,2679,1219,1672,1062,3821,591
London,Outer London,Brent,00AEGU,Mapesbury,10755,1992,950,1448,1252,4594,519
London,Outer London,Brent,00AEGW,Northwick Park,9292,1710,989,1646,1155,3354,438
London,Outer London,Brent,00AEGX,Preston,9443,1989,1139,1665,1107,3047,496
London,Outer London,Brent,00AEGY,Queens Park,9815,2021,871,1393,1033,4060,437
London,Outer London,Brent,00AEGZ,Queensbury,9628,2600,1264,1862,990,2374,538
London,Outer London,Brent,00AEHA,Stonebridge,11010,3588,1660,1899,980,2103,780
London,Outer London,Brent,00AEHB,Sudbury,9222,2228,1364,1656,900,2584,490
London,Outer London,Brent,00AEHC,Tokyngton,9006,2464,1212,1534,892,2332,572
London,Outer London,Brent,00AEHD,Welsh Harp,9121,2504,1245,1648,906,2245,573
London,Outer London,Brent,00AEHE,Wembley Central,8331,2467,1185,1359,796,2041,483
London,Outer London,Brent,00AEHF,Willesden Green,10236,2384,1078,1471,1287,3454,562
London,Outer London,Bromley,00AFGD,Bickley,9832,1639,1315,2288,1040,3059,491
London,Outer London,Bromley,00AFGE,Biggin Hill,7535,1601,1646,1898,652,1131,607
London,Outer London,Bromley,00AFGF,Bromley Common and Keston,10051,2664,1742,2236,814,1883,712
London,Outer London,Bromley,00AFGG,Bromley Town,10834,1933,1463,2367,1126,3422,523
London,Outer London,Bromley,00AFGH,Chelsfield and Pratts Bottom,10115,2213,1712,2455,917,2128,690
London,Outer London,Bromley,00AFGJ,Chislehurst,10453,1845,1519,2341,1167,2947,634
London,Outer London,Bromley,00AFGK,Clock House,11528,2300,1959,2553,1039,3100,577
London,Outer London,Bromley,00AFGL,Copers Cope,11097,1532,1387,2441,1323,3939,475
London,Outer London,Bromley,00AFGM,Cray Valley East,10406,3343,2120,2171,660,1313,799
London,Outer London,Bromley,00AFGN,Cray Valley West,10783,3775,2141,2187,669,1174,837
London,Outer London,Bromley,00AFGP,Crystal Palace,8432,1834,1269,1650,748,2513,418
London,Outer London,Bromley,00AFGQ,Darwin,3552,1017,585,760,281,648,261
London,Outer London,Bromley,00AFGR,Farnborough and Crofton,10133,2123,1622,2498,943,2268,679
London,Outer London,Bromley,00AFGS,Hayes and Coney Hall,10532,2080,1813,2665,992,2231,751
London,Outer London,Bromley,00AFGT,Kelsey and Eden Park,10292,2180,1745,2431,975,2292,669
London,Outer London,Bromley,00AFGU,Mottingham and Chislehurst North,6981,2275,1330,1402,528,966,480
London,Outer London,Bromley,00AFGW,Orpington,10704,2987,1828,2397,861,1878,753
London,Outer London,Bromley,00AFGX,Penge and Cator,12110,2923,1911,2423,1044,3171,638
London,Outer London,Bromley,00AFGY,Petts Wood and Knoll,9872,1736,1568,2459,1020,2427,662
London,Outer London,Bromley,00AFGZ,Plaistow and Sundridge,10474,2304,1604,2257,972,2731,606
London,Outer London,Bromley,00AFHA,Shortlands,6696,912,910,1587,771,2178,338
London,Outer London,Bromley,00AFHB,West Wickham,9956,1877,1690,2546,1008,2199,636
London,Inner London,Camden,00AGGD,Belsize,9419,1008,543,1098,1014,5494,262
London,Inner London,Camden,00AGGE,Bloomsbury,8103,1012,441,734,2105,3558,253
London,Inner London,Camden,00AGGF,Camden Town with Primrose Hill,9063,1720,639,1137,981,4256,330
London,Inner London,Camden,00AGGG,Cantelowes,8243,1660,705,1021,1044,3465,348
London,Inner London,Camden,00AGGH,Fortune Green,8403,1102,520,1005,1016,4471,289
London,Inner London,Camden,00AGGJ,Frognal and Fitzjohns,9358,735,464,1065,1307,5523,264
London,Inner London,Camden,00AGGK,Gospel Oak,7841,1723,763,1001,756,3261,337
London,Inner London,Camden,00AGGL,Hampstead Town,8348,575,375,829,884,5471,214
London,Inner London,Camden,00AGGM,Haverstock,8282,2029,810,1072,758,3289,324
London,Inner London,Camden,00AGGN,Highgate,7892,1307,666,1055,701,3907,256
London,Inner London,Camden,00AGGP,Holborn and Covent Garden,8452,1697,662,1047,1070,3711,265
London,Inner London,Camden,00AGGQ,Kentish Town,8883,1747,744,1116,847,4063,366
London,Inner London,Camden,00AGGR,Kilburn,8195,1733,807,1120,836,3274,425
London,Inner London,Camden,00AGGS,King`s Cross,9248,1635,715,942,1783,3844,329
London,Inner London,Camden,00AGGT,Regent`s Park,8965,2248,846,1148,1356,2951,416
London,Inner London,Camden,00AGGU,St Pancras and Somers Town,8805,2883,1009,1268,919,2275,451
London,Inner London,Camden,00AGGW,Swiss Cottage,9188,1042,547,972,925,5437,265
London,Inner London,Camden,00AGGX,West Hampstead,8477,1079,546,970,897,4695,290
London,Outer London,Croydon,00AHGE,Addiscombe,11755,2274,1880,2333,1115,3526,627
London,Outer London,Croydon,00AHGF,Ashburton,9359,2391,1656,2089,878,1691,654
London,Outer London,Croydon,00AHGG,Bensham Manor,11595,2647,2073,2511,1046,2654,664
London,Outer London,Croydon,00AHGH,Broad Green,10566,2987,1964,2048,893,2117,557
London,Outer London,Croydon,00AHGJ,Coulsdon East,8657,1899,1473,2023,851,1743,668
London,Outer London,Croydon,00AHGK,Coulsdon West,9325,1771,1489,2153,966,2317,629
London,Outer London,Croydon,00AHGL,Croham,11072,1652,1531,2394,1273,3676,546
London,Outer London,Croydon,00AHGM,Fairfield,11009,1599,1216,2025,1189,4541,439
London,Outer London,Croydon,00AHGN,Fieldway,7028,3208,1231,1184,342,523,540
London,Outer London,Croydon,00AHGP,Heathfield,9433,1989,1799,2241,877,1892,635
London,Outer London,Croydon,00AHGQ,Kenley,9600,1726,1572,2263,1024,2421,594
London,Outer London,Croydon,00AHGR,New Addington,6825,2959,1350,1218,317,443,538
London,Outer London,Croydon,00AHGS,Norbury,9920,2178,1403,2042,991,2729,577
London,Outer London,Croydon,00AHGT,Purley,9389,1530,1319,2255,1059,2768,458
London,Outer London,Croydon,00AHGU,Sanderstead,8530,1695,1367,2078,798,2043,549
London,Outer London,Croydon,00AHGW,Selhurst,10754,2667,1891,2165,1009,2418,604
London,Outer London,Croydon,00AHGX,Selsdon and Ballards,8714,1635,1597,2186,830,1837,629
London,Outer London,Croydon,00AHGY,Shirley,9727,2415,1733,2221,900,1810,648
London,Outer London,Croydon,00AHGZ,South Norwood,10971,2167,1857,2359,1075,2884,629
London,Outer London,Croydon,00AHHA,Thornton Heath,10595,2402,1972,2210,917,2355,739
London,Outer London,Croydon,00AHHB,Upper Norwood,10453,2627,1571,2010,921,2689,635
London,Outer London,Croydon,00AHHC,Waddon,9768,2541,1551,1911,840,2323,602
London,Outer London,Croydon,00AHHD,West Thornton,11872,3035,1938,2560,1109,2529,701
London,Outer London,Croydon,00AHHE,Woodside,11160,2492,2242,2463,971,2313,679
London,Outer London,Ealing,00AJGC,Acton Central,10210,1911,966,1518,1128,4201,486
London,Outer London,Ealing,00AJGD,Cleveland,10277,1654,988,1644,1111,4421,459
London,Outer London,Ealing,00AJGE,Dormers Wells,9448,2899,1385,1685,932,1985,562
London,Outer London,Ealing,00AJGF,Ealing Broadway,10047,853,619,1301,1155,5780,339
London,Outer London,Ealing,00AJGG,Ealing Common,10243,1490,723,1332,1107,5191,400
London,Outer London,Ealing,00AJGH,East Acton,10855,2531,1249,1653,1212,3569,641
London,Outer London,Ealing,00AJGJ,Elthorne,9559,1876,1127,1504,925,3662,465
London,Outer London,Ealing,00AJGK,Greenford Broadway,9626,2940,1543,1805,803,1919,616
London,Outer London,Ealing,00AJGL,Greenford Green,9384,2240,1457,1759,850,2454,624
London,Outer London,Ealing,00AJGM,Hanger Hill,10722,1284,772,1539,1250,5430,447
London,Outer London,Ealing,00AJGN,Hobbayne,9537,2326,1171,1603,866,3007,564
London,Outer London,Ealing,00AJGP,Lady Margaret,9366,2650,1481,1718,960,2012,545
London,Outer London,Ealing,00AJGQ,Northfield,9744,1235,763,1376,1095,4925,350
London,Outer London,Ealing,00AJGR,North Greenford,9607,2232,1582,1858,924,2453,558
London,Outer London,Ealing,00AJGS,Northolt Mandeville,9111,2747,1581,1688,737,1716,642
London,Outer London,Ealing,00AJGT,Northolt West End,9339,3197,1721,1593,683,1504,641
London,Outer London,Ealing,00AJGU,Norwood Green,8909,2474,1334,1565,844,2179,513
London,Outer London,Ealing,00AJGW,Perivale,10040,2345,1386,1866,1102,2709,632
London,Outer London,Ealing,00AJGX,South Acton,10096,1981,925,1431,1089,4189,481
London,Outer London,Ealing,00AJGY,Southall Broadway,9515,3019,1561,1515,898,2030,492
London,Outer London,Ealing,00AJGZ,Southall Green,9286,2956,1456,1592,868,1900,514
London,Outer London,Ealing,00AJHA,Southfield,9987,1245,728,1320,1063,5292,339
London,Outer London,Ealing,00AJHB,Walpole,9872,1184,739,1413,1021,5169,346
London,Outer London,Enfield,00AKGL,Bowes,9077,2267,1095,1523,905,2837,450
London,Outer London,Enfield,00AKGM,Bush Hill Park,9635,2260,1506,2068,929,2273,599
London,Outer London,Enfield,00AKGN,Chase,8975,2619,1623,1788,690,1670,585
London,Outer London,Enfield,00AKGP,Cockfosters,8968,2024,999,1747,1018,2652,528
London,Outer London,Enfield,00AKGQ,Edmonton Green,10375,3943,1589,1702,751,1701,689
London,Outer London,Enfield,00AKGR,Enfield Highway,9991,3677,1889,1857,635,1224,709
London,Outer London,Enfield,00AKGS,Enfield Lock,9112,2993,1725,1721,632,1427,614
London,Outer London,Enfield,00AKGT,Grange,8556,1608,1182,1836,855,2599,476
London,Outer London,Enfield,00AKGU,Haselbury,10432,3375,1731,1961,840,1858,667
London,Outer London,Enfield,00AKGW,Highlands,9073,2002,1228,1887,852,2543,561
London,Outer London,Enfield,00AKGX,Jubilee,9285,3143,1587,1737,783,1391,644
London,Outer London,Enfield,00AKGY,Lower Edmonton,8919,3042,1443,1589,657,1606,582
London,Outer London,Enfield,00AKGZ,Palmers Green,10015,2523,1277,1776,1071,2851,517
London,Outer London,Enfield,00AKHA,Ponders End,9488,2996,1475,1673,1178,1542,624
London,Outer London,Enfield,00AKHB,Southbury,8958,2808,1523,1749,671,1662,545
London,Outer London,Enfield,00AKHC,Southgate,8875,1633,1004,1684,958,3121,475
London,Outer London,Enfield,00AKHD,Southgate Green,9595,2212,1057,1783,960,3113,470
London,Outer London,Enfield,00AKHE,Town,10045,2206,1715,2283,897,2286,658
London,Outer London,Enfield,00AKHF,Turkey Street,8953,3336,1716,1665,555,978,703
London,Outer London,Enfield,00AKHG,Upper Edmonton,10312,3729,1529,1804,754,1853,643
London,Outer London,Enfield,00AKHH,Winchmore Hill,9067,1652,1087,1724,985,3171,448
London,Outer London,Greenwich,00ALGP,Abbey Wood,9159,3388,1692,1591,536,1320,632
London,Outer London,Greenwich,00ALGQ,Blackheath Westcombe,9034,1458,729,1173,829,4538,307
London,Outer London,Greenwich,00ALGR,Charlton,9202,2510,1202,1464,794,2715,517
London,Outer London,Greenwich,00ALGS,Coldharbour and New Eltham,8847,2746,1575,1788,700,1341,697
London,Outer London,Greenwich,00ALGT,Eltham North,8776,2159,1451,1826,751,1979,610
London,Outer London,Greenwich,00ALGU,Eltham South,8579,2177,1378,1605,1258,1565,596
London,Outer London,Greenwich,00ALGW,Eltham West,9366,3696,1549,1669,590,1233,629
London,Outer London,Greenwich,00ALGX,Glyndon,9741,3144,1619,1811,742,1814,611
London,Outer London,Greenwich,00ALGY,Greenwich West,8574,1728,837,1182,854,3636,337
London,Outer London,Greenwich,00ALGZ,Kidbrooke with Hornfair,8609,2844,1288,1435,669,1820,553
London,Outer London,Greenwich,00ALHA,Middle Park and Sutcliffe,9115,3014,1394,1521,612,1999,575
London,Outer London,Greenwich,00ALHB,Peninsula,7756,2056,801,1098,648,2782,371
London,Outer London,Greenwich,00ALHC,Plumstead,9875,3167,1793,1892,780,1619,624
London,Outer London,Greenwich,00ALHD,Shooters Hill,9312,2509,1565,1946,713,1963,616
London,Outer London,Greenwich,00ALHE,Thamesmead Moorings,8583,2448,1390,1622,615,1977,531
London,Outer London,Greenwich,00ALHF,Woolwich Common,10284,3134,1526,1885,991,2176,572
London,Outer London,Greenwich,00ALHG,Woolwich Riverside,8983,2979,1294,1518,722,1962,508
London,Inner London,Hackney,00AMGA,Brownswood,8740,1997,781,1129,800,3643,390
London,Inner London,Hackney,00AMGB,Cazenove,7251,2160,802,1005,590,2353,341
London,Inner London,Hackney,00AMGC,Chatham,7942,2474,869,1182,662,2325,430
London,Inner London,Hackney,00AMGD,Clissold,7819,1683,720,899,613,3581,323
London,Inner London,Hackney,00AMGE,Dalston,7939,2116,845,1106,650,2810,412
London,Inner London,Hackney,00AMGF,De Beauvoir,7362,2232,694,956,666,2460,354
London,Inner London,Hackney,00AMGG,Hackney Central,7618,2081,800,1110,665,2527,435
London,Inner London,Hackney,00AMGH,Hackney Downs,7675,2114,759,954,668,2793,387
London,Inner London,Hackney,00AMGJ,Haggerston,7658,2326,788,1107,732,2275,430
London,Inner London,Hackney,00AMGK,Hoxton,7910,2547,821,1031,707,2371,433
London,Inner London,Hackney,00AMGL,King`s Park,7847,2537,946,1208,681,1992,483
London,Inner London,Hackney,00AMGM,Leabridge,7243,1974,765,1073,602,2462,367
London,Inner London,Hackney,00AMGN,Lordship,7576,2061,807,999,621,2790,298
London,Inner London,Hackney,00AMGP,New River,7643,2548,846,1151,638,2020,440
London,Inner London,Hackney,00AMGQ,Queensbridge,7509,2384,776,1029,641,2279,400
London,Inner London,Hackney,00AMGR,Springfield,6764,2425,801,1061,502,1583,392
London,Inner London,Hackney,00AMGS,Stoke Newington Central,7826,1867,719,932,737,3222,349
London,Inner London,Hackney,00AMGT,Victoria,8684,2529,990,1154,726,2832,453
London,Inner London,Hackney,00AMGU,Wick,7859,2523,848,1221,795,2038,434
London,Inner London,Hammersmith and Fulham,00ANGA,Addison,9026,1432,679,1126,995,4438,356
London,Inner London,Hammersmith and Fulham,00ANGB,Askew,9468,1739,801,1316,1202,3992,418
London,Inner London,Hammersmith and Fulham,00ANGC,Avonmore and Brook Green,9155,1259,574,1171,1193,4630,328
London,Inner London,Hammersmith and Fulham,00ANGD,College Park and Old Oak,5761,1885,673,826,538,1487,352
London,Inner London,Hammersmith and Fulham,00ANGE,Fulham Broadway,8167,1731,642,1029,1051,3425,289
London,Inner London,Hammersmith and Fulham,00ANGF,Fulham Reach,8214,1496,644,951,976,3815,332
London,Inner London,Hammersmith and Fulham,00ANGG,Hammersmith Broadway,8967,1816,738,1201,974,3833,405
London,Inner London,Hammersmith and Fulham,00ANGH,Munster,8059,1176,466,996,1011,4153,257
London,Inner London,Hammersmith and Fulham,00ANGJ,North End,9138,1358,677,1092,1159,4504,348
London,Inner London,Hammersmith and Fulham,00ANGK,Palace Riverside,5506,641,339,802,728,2836,160
London,Inner London,Hammersmith and Fulham,00ANGL,Parsons Green and Walham,7781,1001,441,1144,1054,3879,262
London,Inner London,Hammersmith and Fulham,00ANGM,Ravenscourt Park,8212,1227,576,1063,1001,4062,283
London,Inner London,Hammersmith and Fulham,00ANGN,Sands End,7498,1455,666,1055,872,3116,334
London,Inner London,Hammersmith and Fulham,00ANGP,Shepherd`s Bush Green,8244,1547,735,1081,914,3555,412
London,Inner London,Hammersmith and Fulham,00ANGQ,Town,7900,1115,509,967,943,4066,300
London,Inner London,Hammersmith and Fulham,00ANGR,Wormholt and White City,8696,2393,943,1265,953,2702,440
London,Inner London,Haringey,00APGA,Alexandra,7884,959,541,1129,752,4243,260
London,Inner London,Haringey,00APGB,Bounds Green,8208,1925,845,1234,836,2986,382
London,Inner London,Haringey,00APGC,Bruce Grove,8883,2601,1037,1428,853,2453,511
London,Inner London,Haringey,00APGD,Crouch End,8688,833,510,1082,849,5169,245
London,Inner London,Haringey,00APGE,Fortis Green,8439,1080,617,1127,877,4473,265
London,Inner London,Haringey,00APGF,Harringay,8690,1854,684,1005,1197,3605,345
London,Inner London,Haringey,00APGG,Highgate,8230,758,475,933,856,5016,192
London,Inner London,Haringey,00APGH,Hornsey,7631,1529,687,934,641,3555,285
London,Inner London,Haringey,00APGJ,Muswell Hill,7558,889,397,1052,747,4264,209
London,Inner London,Haringey,00APGK,Noel Park,8811,2484,1016,1269,1084,2518,440
London,Inner London,Haringey,00APGL,Northumberland Park,8786,3133,1173,1414,789,1708,569
London,Inner London,Haringey,00APGM,St Ann`s,9706,2819,981,1225,1107,3110,464
London,Inner London,Haringey,00APGN,Seven Sisters,9340,2613,1048,1549,896,2714,520
London,Inner London,Haringey,00APGP,Stroud Green,8318,1193,625,990,804,4423,283
London,Inner London,Haringey,00APGQ,Tottenham Green,8904,2595,1076,1341,925,2484,483
London,Inner London,Haringey,00APGR,Tottenham Hale,8980,2945,1249,1495,785,1949,557
London,Inner London,Haringey,00APGS,West Green,8781,2530,912,1220,923,2680,516
London,Inner London,Haringey,00APGT,White Hart Lane,8195,3111,1086,1295,711,1446,546
London,Inner London,Haringey,00APGU,Woodside,8668,2271,938,1303,912,2794,450
London,Outer London,Harrow,00AQFY,Belmont,6812,1237,992,1581,732,1869,401
London,Outer London,Harrow,00AQFZ,Canons,7010,1404,772,1528,734,2207,365
London,Outer London,Harrow,00AQGA,Edgware,7222,1867,951,1420,767,1806,411
London,Outer London,Harrow,00AQGB,Greenhill,7183,1227,769,1264,770,2851,302
London,Outer London,Harrow,00AQGC,Harrow on the Hill,8114,1399,901,1517,933,2997,367
London,Outer London,Harrow,00AQGD,Harrow Weald,7197,1769,1130,1480,681,1642,495
London,Outer London,Harrow,00AQGE,Hatch End,7116,1264,889,1544,781,2222,416
London,Outer London,Harrow,00AQGF,Headstone North,7020,1130,864,1508,793,2336,389
London,Outer London,Harrow,00AQGG,Headstone South,7014,1180,845,1373,758,2548,310
London,Outer London,Harrow,00AQGH,Kenton East,7251,2145,1048,1359,750,1504,445
London,Outer London,Harrow,00AQGJ,Kenton West,7565,1663,1105,1580,840,1980,397
London,Outer London,Harrow,00AQGK,Marlborough,6971,1538,966,1191,762,2153,361
London,Outer London,Harrow,00AQGL,Pinner,6929,1248,809,1325,749,2467,331
London,Outer London,Harrow,00AQGM,Pinner South,6876,944,862,1469,788,2459,354
London,Outer London,Harrow,00AQGN,Queensbury,7285,1820,1113,1458,724,1737,433
London,Outer London,Harrow,00AQGP,Rayners Lane,7413,1346,1088,1574,796,2181,428
London,Outer London,Harrow,00AQGQ,Roxbourne,7667,1824,1231,1616,779,1742,475
London,Outer London,Harrow,00AQGR,Roxeth,7578,1708,1263,1517,801,1850,439
London,Outer London,Harrow,00AQGS,Stanmore Park,6672,1461,894,1488,693,1798,338
London,Outer London,Harrow,00AQGT,Wealdstone,6542,1740,966,1212,663,1558,403
London,Outer London,Harrow,00AQGU,West Harrow,7077,1245,930,1388,742,2390,382
London,Outer London,Havering,00ARGC,Brooklands,9423,2955,1918,1977,677,1200,696
London,Outer London,Havering,00ARGD,Cranham,8938,2543,1638,2005,682,1376,694
London,Outer London,Havering,00ARGE,Elm Park,8748,3226,1798,1763,577,722,662
London,Outer London,Havering,00ARGF,Emerson Park,8533,2408,1534,1864,654,1398,675
London,Outer London,Havering,00ARGG,Gooshays,9046,3747,1860,1638,525,607,669
London,Outer London,Havering,00ARGH,Hacton,8927,2733,1796,1993,681,945,779
London,Outer London,Havering,00ARGJ,Harold Wood,8757,2710,1711,1916,611,1113,696
London,Outer London,Havering,00ARGK,Havering Park,8892,3215,1965,1692,519,746,755
London,Outer London,Havering,00ARGL,Heaton,8218,3686,1629,1374,376,508,645
London,Outer London,Havering,00ARGM,Hylands,8946,2576,1932,1976,660,1044,758
London,Outer London,Havering,00ARGN,Mawneys,8931,3049,1916,1821,583,816,746
London,Outer London,Havering,00ARGP,Pettits,9253,2739,1887,2050,664,1074,839
London,Outer London,Havering,00ARGQ,Rainham and Wennington,8878,3238,1765,1828,536,707,804
London,Outer London,Havering,00ARGR,Romford Town,9803,2533,1981,2183,797,1663,646
London,Outer London,Havering,00ARGS,St Andrew`s,9110,2700,1889,2028,626,1136,731
London,Outer London,Havering,00ARGT,South Hornchurch,9191,3676,1919,1659,490,642,805
London,Outer London,Havering,00ARGU,Squirrel`s Heath,8615,2302,1653,2029,725,1252,654
London,Outer London,Havering,00ARGW,Upminster,9114,2006,1614,2259,806,1715,714
London,Outer London,Hillingdon,00ASGG,Barnhill,8223,2311,1481,1646,805,1479,501
London,Outer London,Hillingdon,00ASGH,Botwell,8858,2760,1642,1747,776,1344,589
London,Outer London,Hillingdon,00ASGJ,Brunel,7999,2162,1386,1483,1087,1367,514
London,Outer London,Hillingdon,00ASGK,Cavendish,7875,1759,1563,1866,642,1510,535
London,Outer London,Hillingdon,00ASGL,Charville,8229,2284,1745,1790,611,1145,654
London,Outer London,Hillingdon,00ASGM,Eastcote and East Ruislip,8200,1390,1326,1993,804,2150,537
London,Outer London,Hillingdon,00ASGN,Harefield,5146,1480,953,1062,387,946,318
London,Outer London,Hillingdon,00ASGP,Heathrow Villages,7832,2127,1507,1616,697,1360,525
London,Outer London,Hillingdon,00ASGQ,Hillingdon East,8342,2227,1735,1824,633,1343,580
London,Outer London,Hillingdon,00ASGR,Ickenham,7125,1372,1082,1645,690,1835,501
London,Outer London,Hillingdon,00ASGS,Manor,7854,1639,1585,1727,712,1600,591
London,Outer London,Hillingdon,00ASGT,Northwood,7831,1163,868,1640,904,2895,361
London,Outer London,Hillingdon,00ASGU,Northwood Hills,7823,1715,1158,1621,751,2095,483
London,Outer London,Hillingdon,00ASGW,Pinkwell,8608,2538,1676,1764,760,1295,575
London,Outer London,Hillingdon,00ASGX,South Ruislip,7819,1919,1637,1719,642,1385,517
London,Outer London,Hillingdon,00ASGY,Townfield,8227,2733,1459,1568,684,1269,514
London,Outer London,Hillingdon,00ASGZ,Uxbridge North,8652,1821,1441,1940,870,2054,526
London,Outer London,Hillingdon,00ASHA,Uxbridge South,8945,1819,1344,1626,1511,2170,475
London,Outer London,Hillingdon,00ASHB,West Drayton,8298,2691,1618,1513,685,1221,570
London,Outer London,Hillingdon,00ASHC,West Ruislip,7272,1338,1301,1656,699,1828,450
London,Outer London,Hillingdon,00ASHD,Yeading,8462,2223,1659,1773,780,1481,546
London,Outer London,Hillingdon,00ASHE,Yiewsley,8025,2372,1485,1488,813,1373,494
London,Outer London,Hounslow,00ATFY,Bedfont,7210,2336,1514,1491,496,840,533
London,Outer London,Hounslow,00ATFZ,Brentford,8064,2111,1104,1296,761,2319,473
London,Outer London,Hounslow,00ATGA,Chiswick Homefields,7987,993,593,1125,917,4088,271
London,Outer London,Hounslow,00ATGB,Chiswick Riverside,8310,1016,649,1208,925,4194,318
London,Outer London,Hounslow,00ATGC,Cranford,7852,2166,1164,1424,798,1824,476
London,Outer London,Hounslow,00ATGD,Feltham North,7060,2408,1425,1311,512,875,529
London,Outer London,Hounslow,00ATGE,Feltham West,8189,2583,1891,1672,551,990,502
London,Outer London,Hounslow,00ATGF,Hanworth,7638,2777,1518,1377,481,933,552
London,Outer London,Hounslow,00ATGG,Hanworth Park,7509,2270,1548,1497,618,1020,556
London,Outer London,Hounslow,00ATGH,Heston Central,8148,1898,1156,1569,834,2245,446
London,Outer London,Hounslow,00ATGJ,Heston East,8011,1713,1104,1508,855,2412,419
London,Outer London,Hounslow,00ATGK,Heston West,7904,2217,1243,1586,771,1616,471
London,Outer London,Hounslow,00ATGL,Hounslow Central,8335,1635,997,1337,991,2952,423
London,Outer London,Hounslow,00ATGM,Hounslow Heath,8274,1962,1197,1432,833,2430,420
London,Outer London,Hounslow,00ATGN,Hounslow South,7696,1597,1173,1518,819,2140,449
London,Outer London,Hounslow,00ATGP,Hounslow West,7806,1904,1058,1457,835,2132,420
London,Outer London,Hounslow,00ATGQ,Isleworth,7997,2103,1088,1307,788,2320,391
London,Outer London,Hounslow,00ATGR,Osterley and Spring Grove,8167,1189,827,1521,1052,3189,389
London,Outer London,Hounslow,00ATGS,Syon,7160,1838,990,1218,695,2016,403
London,Outer London,Hounslow,00ATGT,Turnham Green,8089,1010,576,1070,961,4166,306
London,Inner London,Islington,00AUFX,Barnsbury,7975,1894,689,929,614,3519,330
London,Inner London,Islington,00AUFY,Bunhill,7735,2263,766,888,821,2661,336
London,Inner London,Islington,00AUFZ,Caledonian,8993,2855,934,1106,774,2795,529
London,Inner London,Islington,00AUGA,Canonbury,7317,1996,710,920,554,2826,311
London,Inner London,Islington,00AUGB,Clerkenwell,7821,1774,701,857,1122,3100,267
London,Inner London,Islington,00AUGC,Finsbury Park,9578,2562,897,1191,939,3545,444
London,Inner London,Islington,00AUGD,Highbury East,7858,1439,556,864,656,4063,280
London,Inner London,Islington,00AUGE,Highbury West,9030,2006,802,1121,864,3830,407
London,Inner London,Islington,00AUGF,Hillrise,8588,2125,895,1194,738,3216,420
London,Inner London,Islington,00AUGG,Holloway,8764,2568,869,1079,1053,2762,433
London,Inner London,Islington,00AUGH,Junction,8436,2101,750,1038,854,3337,356
London,Inner London,Islington,00AUGJ,Mildmay,8645,2064,836,942,723,3726,354
London,Inner London,Islington,00AUGK,St George`s,8699,2122,826,1066,757,3565,363
London,Inner London,Islington,00AUGL,St Mary`s,8238,1851,685,887,675,3835,305
London,Inner London,Islington,00AUGM,St Peter`s,8364,2120,715,935,767,3522,305
London,Inner London,Islington,00AUGN,Tollington,9620,2347,863,1266,883,3807,454
London,Inner London,Kensington and Chelsea,00AWFY,Abingdon,7220,684,359,869,992,4104,212
London,Inner London,Kensington and Chelsea,00AWFZ,Brompton,7501,719,393,907,1073,4195,214
London,Inner London,Kensington and Chelsea,00AWGA,Campden,6547,420,241,722,817,4181,166
London,Inner London,Kensington and Chelsea,00AWGB,Colville,6261,1094,541,911,639,2791,285
London,Inner London,Kensington and Chelsea,00AWGC,Courtfield,8153,443,293,836,1548,4841,192
London,Inner London,Kensington and Chelsea,00AWGD,Cremorne,7089,1320,587,1095,864,2938,285
London,Inner London,Kensington and Chelsea,00AWGE,Earl`s Court,8152,891,456,890,1241,4378,296
London,Inner London,Kensington and Chelsea,00AWGF,Golborne,6374,1932,699,926,629,1846,342
London,Inner London,Kensington and Chelsea,00AWGG,Hans Town,7312,910,400,945,979,3849,229
London,Inner London,Kensington and Chelsea,00AWGH,Holland,7392,589,346,948,1048,4282,179
London,Inner London,Kensington and Chelsea,00AWGJ,Norland,6611,1142,500,855,719,3170,225
London,Inner London,Kensington and Chelsea,00AWGK,Notting Barns,6500,1646,600,990,734,2224,306
London,Inner London,Kensington and Chelsea,00AWGL,Pembridge,6693,525,305,779,959,3963,162
London,Inner London,Kensington and Chelsea,00AWGM,Queen`s Gate,7935,447,303,798,1194,4970,223
London,Inner London,Kensington and Chelsea,00AWGN,Redcliffe,7090,542,340,947,984,4096,181
London,Inner London,Kensington and Chelsea,00AWGP,Royal Hospital,5699,591,283,817,738,3114,156
London,Inner London,Kensington and Chelsea,00AWGQ,St Charles,6364,1856,765,935,575,1958,275
London,Inner London,Kensington and Chelsea,00AWGR,Stanley,5976,496,277,826,799,3445,133
London,Outer London,Kingston upon Thames,00AXFX,Alexandra,6608,1326,1074,1468,745,1561,434
London,Outer London,Kingston upon Thames,00AXFY,Berrylands,7003,1024,721,1210,876,2849,323
London,Outer London,Kingston upon Thames,00AXFZ,Beverley,6819,1187,768,1268,746,2478,372
London,Outer London,Kingston upon Thames,00AXGA,Canbury,7148,867,577,1077,863,3503,261
London,Outer London,Kingston upon Thames,00AXGB,Chessington North and Hook,6165,1743,1125,1390,474,925,508
London,Outer London,Kingston upon Thames,00AXGC,Chessington South,6807,1666,1383,1547,472,1223,516
London,Outer London,Kingston upon Thames,00AXGD,Coombe Hill,7635,1007,576,1232,1385,3150,285
London,Outer London,Kingston upon Thames,00AXGE,Coombe Vale,6678,961,667,1192,883,2648,327
London,Outer London,Kingston upon Thames,00AXGF,Grove,6208,735,485,902,919,2943,224
London,Outer London,Kingston upon Thames,00AXGG,Norbiton,6546,1568,719,1027,789,2176,267
London,Outer London,Kingston upon Thames,00AXGH,Old Malden,6550,1258,1112,1468,614,1627,471
London,Outer London,Kingston upon Thames,00AXGJ,St James,6126,1219,795,1277,620,1838,377
London,Outer London,Kingston upon Thames,00AXGK,St Mark`s,8184,682,603,1222,1806,3596,275
London,Outer London,Kingston upon Thames,00AXGL,Surbiton Hill,7746,976,809,1367,1044,3236,314
London,Outer London,Kingston upon Thames,00AXGM,Tolworth and Hook Rise,6905,1683,1252,1405,629,1442,494
London,Outer London,Kingston upon Thames,00AXGN,Tudor,5930,805,649,1064,638,2503,271
London,Inner London,Lambeth,00AYFZ,Bishop`s,7352,1542,638,897,1105,2841,329
London,Inner London,Lambeth,00AYGA,Brixton Hill,9849,1998,986,1314,864,4169,518
London,Inner London,Lambeth,00AYGB,Clapham Common,9724,1255,635,1065,953,5527,289
London,Inner London,Lambeth,00AYGC,Clapham Town,10590,1853,770,1248,1000,5254,465
London,Inner London,Lambeth,00AYGD,Coldharbour,10419,2448,1205,1570,991,3582,623
London,Inner London,Lambeth,00AYGE,Ferndale,10381,1859,1079,1271,942,4707,523
London,Inner London,Lambeth,00AYGF,Gipsy Hill,10095,2522,1283,1590,866,3301,533
London,Inner London,Lambeth,00AYGG,Herne Hill,9107,1613,796,1135,844,4308,411
London,Inner London,Lambeth,00AYGH,Knight`s Hill,10044,2228,1224,1713,988,3366,525
London,Inner London,Lambeth,00AYGJ,Larkhall,10658,2231,980,1353,908,4577,609
London,Inner London,Lambeth,00AYGK,Oval,9456,1996,838,1120,931,4137,434
London,Inner London,Lambeth,00AYGL,Prince`s,8917,2244,835,1284,809,3308,437
London,Inner London,Lambeth,00AYGM,St Leonard`s,9776,1511,960,1377,1120,4371,437
London,Inner London,Lambeth,00AYGN,Stockwell,9806,2246,1053,1389,911,3644,563
London,Inner London,Lambeth,00AYGP,Streatham Hill,10399,1854,1100,1520,1161,4261,503
London,Inner London,Lambeth,00AYGQ,Streatham South,9896,2100,1324,1775,999,3147,551
London,Inner London,Lambeth,00AYGR,Streatham Wells,9887,1640,1055,1596,1135,4023,438
London,Inner London,Lambeth,00AYGS,Thornton,9499,1700,930,1371,898,4087,513
London,Inner London,Lambeth,00AYGT,Thurlow Park,8426,1604,769,1163,810,3736,344
London,Inner London,Lambeth,00AYGU,Tulse Hill,9915,2163,1134,1385,855,3847,531
London,Inner London,Lambeth,00AYGW,Vassall,9780,2351,1117,1507,950,3309,546
London,Inner London,Lewisham,00AZGD,Bellingham,9527,3070,1650,1809,696,1713,589
London,Inner London,Lewisham,00AZGE,Blackheath,10057,1565,946,1449,877,4830,390
London,Inner London,Lewisham,00AZGF,Brockley,10650,2127,1117,1538,1318,4036,514
London,Inner London,Lewisham,00AZGG,Catford South,10210,2227,1723,2004,931,2721,604
London,Inner London,Lewisham,00AZGH,Crofton Park,10512,2249,1424,1844,1012,3386,597
London,Inner London,Lewisham,00AZGJ,Downham,9726,3716,1816,1814,534,1104,742
London,Inner London,Lewisham,00AZGK,Evelyn,10102,2973,1309,1766,894,2577,583
London,Inner London,Lewisham,00AZGL,Forest Hill,10408,2043,1329,1868,1010,3661,497
London,Inner London,Lewisham,00AZGM,Grove Park,10306,2874,1774,1956,851,2157,694
London,Inner London,Lewisham,00AZGN,Ladywell,9481,1932,1090,1446,957,3563,493
London,Inner London,Lewisham,00AZGP,Lee Green,9171,1898,1162,1516,853,3281,461
London,Inner London,Lewisham,00AZGQ,Lewisham Central,10216,2201,1349,1666,940,3511,549
London,Inner London,Lewisham,00AZGR,New Cross,11138,2728,1462,1972,1125,3173,678
London,Inner London,Lewisham,00AZGS,Perry Vale,10595,2320,1525,1952,974,3254,570
London,Inner London,Lewisham,00AZGT,Rushey Green,9897,2137,1557,1777,968,2876,582
London,Inner London,Lewisham,00AZGU,Sydenham,11142,2757,1723,2086,992,2954,630
London,Inner London,Lewisham,00AZGW,Telegraph Hill,10857,2474,1301,1660,1113,3744,565
London,Inner London,Lewisham,00AZGX,Whitefoot,9140,3011,1769,1786,600,1340,634
London,Outer London,Merton,00BAFX,Abbey,7623,1123,653,1003,806,3753,285
London,Outer London,Merton,00BAFY,Cannon Hill,6868,1638,1053,1306,607,1740,524
London,Outer London,Merton,00BAFZ,Colliers Wood,7392,1376,911,1218,792,2728,367
London,Outer London,Merton,00BAGA,Cricket Green,7067,2279,1137,1291,558,1328,474
London,Outer London,Merton,00BAGB,Dundonald,7326,781,558,966,797,3939,285
London,Outer London,Merton,00BAGC,Figge`s Marsh,6999,1986,1113,1358,606,1476,460
London,Outer London,Merton,00BAGD,Graveney,7290,1513,942,1406,860,2156,413
London,Outer London,Merton,00BAGE,Hillside,7242,494,381,832,806,4525,204
London,Outer London,Merton,00BAGF,Lavender Fields,7187,1731,1035,1218,694,2071,438
London,Outer London,Merton,00BAGG,Longthornton,6899,1636,1299,1376,583,1562,443
London,Outer London,Merton,00BAGH,Lower Morden,6162,1679,1196,1306,451,1029,501
London,Outer London,Merton,00BAGJ,Merton Park,6893,1009,662,1119,764,3011,328
London,Outer London,Merton,00BAGK,Pollards Hill,6887,2039,1228,1366,531,1153,570
London,Outer London,Merton,00BAGL,Ravensbury,6460,2043,1129,1131,490,1211,456
London,Outer London,Merton,00BAGM,Raynes Park,6933,941,607,1115,727,3272,271
London,Outer London,Merton,00BAGN,St Helier,6265,2116,1108,1076,432,1021,512
London,Outer London,Merton,00BAGP,Trinity,7049,911,492,913,697,3803,233
London,Outer London,Merton,00BAGQ,Village,6405,466,331,955,767,3698,188
London,Outer London,Merton,00BAGR,West Barnes,7054,1209,903,1373,741,2395,433
London,Outer London,Merton,00BAGS,Wimbledon Park,7475,843,556,988,837,3966,285
London,Inner London,Newham,00BBGB,Beckton,9202,2639,1310,1644,969,2110,530
London,Inner London,Newham,00BBGC,Boleyn,8484,2963,1283,1391,688,1614,545
London,Inner London,Newham,00BBGD,Canning Town North,8349,3262,1108,1304,623,1520,532
London,Inner London,Newham,00BBGE,Canning Town South,7725,3328,931,1178,498,1274,516
London,Inner London,Newham,00BBGF,Custom House,8285,2895,1158,1317,649,1729,537
London,Inner London,Newham,00BBGG,East Ham Central,8483,2716,1240,1440,821,1781,485
London,Inner London,Newham,00BBGH,East Ham North,7935,2630,1169,1387,739,1647,363
London,Inner London,Newham,00BBGJ,East Ham South,8442,3066,1379,1412,605,1406,574
London,Inner London,Newham,00BBGK,Forest Gate North,9036,2650,1218,1456,799,2392,521
London,Inner London,Newham,00BBGL,Forest Gate South,10050,2924,1293,1687,1026,2608,512
London,Inner London,Newham,00BBGM,Green Street East,9104,3225,1208,1484,858,1761,568
London,Inner London,Newham,00BBGN,Green Street West,8914,3225,1246,1450,819,1703,471
London,Inner London,Newham,00BBGP,Little Ilford,8959,3183,1405,1491,737,1636,507
London,Inner London,Newham,00BBGQ,Manor Park,8438,2826,1194,1317,857,1731,513
London,Inner London,Newham,00BBGR,Plaistow North,9111,3104,1225,1441,770,1927,644
London,Inner London,Newham,00BBGS,Plaistow South,8365,2785,1223,1344,714,1779,520
London,Inner London,Newham,00BBGT,Royal Docks,4529,1308,485,709,417,1366,244
London,Inner London,Newham,00BBGU,Stratford and New Town,8904,2615,1138,1369,856,2400,526
London,Inner London,Newham,00BBGW,Wall End,8894,2779,1303,1527,909,1843,533
London,Inner London,Newham,00BBGX,West Ham,9059,3061,1179,1374,812,2058,575
London,Outer London,Redbridge,00BCFY,Aldborough,8275,2113,1463,1692,701,1706,600
London,Outer London,Redbridge,00BCFZ,Barkingside,8010,1984,1268,1688,780,1810,480
London,Outer London,Redbridge,00BCGA,Bridge,8153,2162,1538,1696,665,1516,576
London,Outer London,Redbridge,00BCGB,Chadwell,7759,2032,1661,1699,594,1256,517
London,Outer London,Redbridge,00BCGC,Church End,7446,1202,931,1474,1140,2334,365
London,Outer London,Redbridge,00BCGD,Clayhall,8554,2122,1230,1753,866,2046,537
London,Outer London,Redbridge,00BCGE,Clementswood,7818,2373,1204,1400,711,1684,446
London,Outer London,Redbridge,00BCGF,Cranbrook,8643,1931,1130,1655,903,2575,449
London,Outer London,Redbridge,00BCGG,Fairlop,7413,2145,1531,1589,566,1053,529
London,Outer London,Redbridge,00BCGH,Fullwell,8009,2463,1483,1649,575,1227,612
London,Outer London,Redbridge,00BCGJ,Goodmayes,8085,1960,1331,1573,739,2012,470
London,Outer London,Redbridge,00BCGK,Hainault,7752,2941,1546,1405,425,894,541
London,Outer London,Redbridge,00BCGL,Loxford,9123,2501,1454,1696,866,2135,471
London,Outer London,Redbridge,00BCGM,Mayfield,8118,2386,1238,1608,664,1613,609
London,Outer London,Redbridge,00BCGN,Monkhams,7219,1235,1010,1557,729,2302,386
London,Outer London,Redbridge,00BCGP,Newbury,9310,2313,1334,1987,902,2243,531
London,Outer London,Redbridge,00BCGQ,Roding,7796,1747,1351,1591,662,1953,492
London,Outer London,Redbridge,00BCGR,Seven Kings,8719,2280,1312,1791,825,2030,481
London,Outer London,Redbridge,00BCGS,Snaresbrook,7985,1492,915,1485,754,3005,334
London,Outer London,Redbridge,00BCGT,Valentines,8656,1990,1145,1552,880,2623,466
London,Outer London,Redbridge,00BCGU,Wanstead,8457,1719,1157,1582,723,2794,482
London,Outer London,Richmond upon Thames,00BDFW,Barnes,7066,781,459,1103,821,3643,259
London,Outer London,Richmond upon Thames,00BDFX,East Sheen,6901,573,491,1097,910,3633,197
London,Outer London,Richmond upon Thames,00BDFY,Fulwell and Hampton Hill,6944,974,729,1209,785,2960,287
London,Outer London,Richmond upon Thames,00BDFZ,Ham Petersham and Richmond Riverside,6967,1420,717,1101,725,2632,372
London,Outer London,Richmond upon Thames,00BDGA,Hampton,6729,1074,831,1299,674,2533,318
London,Outer London,Richmond upon Thames,00BDGB,Hampton North,6606,1338,916,1381,683,1875,413
London,Outer London,Richmond upon Thames,00BDGC,Hampton Wick,6684,819,565,1073,840,3153,234
London,Outer London,Richmond upon Thames,00BDGD,Heathfield,6856,1895,1127,1373,611,1343,507
London,Outer London,Richmond upon Thames,00BDGE,Kew,6944,649,421,944,797,3940,193
London,Outer London,Richmond upon Thames,00BDGF,Mortlake and Barnes Common,7477,922,580,1107,828,3782,258
London,Outer London,Richmond upon Thames,00BDGG,North Richmond,7311,952,527,1051,786,3720,275
London,Outer London,Richmond upon Thames,00BDGH,St Margarets and North Twickenham,7537,685,534,1108,957,4042,211
London,Outer London,Richmond upon Thames,00BDGJ,South Richmond,8078,666,502,1022,988,4657,243
London,Outer London,Richmond upon Thames,00BDGK,South Twickenham,6892,649,525,1111,1106,3281,220
London,Outer London,Richmond upon Thames,00BDGL,Teddington,7188,697,621,1141,798,3696,235
London,Outer London,Richmond upon Thames,00BDGM,Twickenham Riverside,7450,569,488,997,885,4322,189
London,Outer London,Richmond upon Thames,00BDGN,West Twickenham,7263,1331,877,1315,736,2599,405
London,Outer London,Richmond upon Thames,00BDGP,Whitton,6648,1402,1027,1419,659,1718,423
London,Inner London,Southwark,00BEGC,Brunswick Park,8153,1871,908,1210,807,2931,426
London,Inner London,Southwark,00BEGD,Camberwell Green,9334,2605,1131,1466,805,2766,561
London,Inner London,Southwark,00BEGE,Cathedrals,10450,2061,936,1519,1647,3844,443
London,Inner London,Southwark,00BEGF,Chaucer,10150,2090,881,1309,1601,3818,451
London,Inner London,Southwark,00BEGG,College,7696,1501,786,1157,760,3155,337
London,Inner London,Southwark,00BEGH,East Dulwich,8521,1552,777,1205,858,3793,336
London,Inner London,Southwark,00BEGJ,East Walworth,8900,2654,1062,1306,909,2471,498
London,Inner London,Southwark,00BEGK,Faraday,9063,2958,1228,1570,727,2017,563
London,Inner London,Southwark,00BEGL,Grange,9158,2374,1057,1260,996,3011,460
London,Inner London,Southwark,00BEGM,Livesey,8541,2895,1056,1367,642,1979,602
London,Inner London,Southwark,00BEGN,Newington,9375,2600,1075,1449,874,2879,498
London,Inner London,Southwark,00BEGP,Nunhead,7746,2347,941,1210,677,2106,465
London,Inner London,Southwark,00BEGQ,Peckham,7707,2216,1038,1368,628,1956,501
London,Inner London,Southwark,00BEGR,Peckham Rye,8406,1734,983,1288,727,3238,436
London,Inner London,Southwark,00BEGS,Riverside,8638,2040,810,1069,804,3556,359
London,Inner London,Southwark,00BEGT,Rotherhithe,8562,2173,1029,1232,769,2939,420
London,Inner London,Southwark,00BEGU,South Bermondsey,8522,2659,1260,1340,711,2028,524
London,Inner London,Southwark,00BEGW,South Camberwell,8663,1629,878,1178,995,3588,395
London,Inner London,Southwark,00BEGX,Surrey Docks,9487,1616,841,1188,958,4494,390
London,Inner London,Southwark,00BEGY,The Lane,8870,2274,1007,1209,798,3101,481
London,Inner London,Southwark,00BEGZ,Village,7547,1004,445,955,690,4260,193
London,Outer London,Sutton,00BFGC,Beddington North,7245,1772,1496,1684,571,1191,531
London,Outer London,Sutton,00BFGD,Beddington South,7205,1952,1234,1533,602,1327,557
London,Outer London,Sutton,00BFGE,Belmont,7347,1178,1032,1632,776,2342,387
London,Outer London,Sutton,00BFGF,Carshalton Central,7144,1373,1222,1594,766,1740,449
London,Outer London,Sutton,00BFGG,Carshalton South and Clockhouse,6915,1458,1142,1582,600,1713,420
London,Outer London,Sutton,00BFGH,Cheam,6817,1264,972,1592,674,1885,430
London,Outer London,Sutton,00BFGJ,Nonsuch,7124,1656,1385,1622,633,1235,593
London,Outer London,Sutton,00BFGK,St Helier,7113,2687,1457,1348,367,726,528
London,Outer London,Sutton,00BFGL,Stonecot,7406,1921,1624,1613,596,1016,636
London,Outer London,Sutton,00BFGM,Sutton Central,7466,1714,1291,1494,825,1680,462
London,Outer London,Sutton,00BFGN,Sutton North,6996,1857,1336,1495,576,1196,536
London,Outer London,Sutton,00BFGP,Sutton South,6673,992,888,1283,680,2481,349
London,Outer London,Sutton,00BFGQ,Sutton West,7607,1247,1222,1636,750,2378,374
London,Outer London,Sutton,00BFGR,The Wrythe,7401,2068,1598,1550,581,1067,537
London,Outer London,Sutton,00BFGS,Wallington North,7277,1566,1450,1655,636,1484,486
London,Outer London,Sutton,00BFGT,Wallington South,6818,1425,1112,1616,675,1580,410
London,Outer London,Sutton,00BFGU,Wandle Valley,7399,2331,1594,1487,511,951,525
London,Outer London,Sutton,00BFGW,Worcester Park,7223,1672,1462,1520,619,1422,528
London,Inner London,Tower Hamlets,00BGFW,Bethnal Green North,8475,3026,894,1038,888,2272,357
London,Inner London,Tower Hamlets,00BGFX,Bethnal Green South,9668,3532,1031,1195,938,2620,352
London,Inner London,Tower Hamlets,00BGFY,Blackwall and Cubitt Town,9485,2584,852,1149,924,3617,359
London,Inner London,Tower Hamlets,00BGFZ,Bow East,6738,2382,729,825,607,1893,302
London,Inner London,Tower Hamlets,00BGGA,Bow West,8012,2387,790,984,790,2713,348
London,Inner London,Tower Hamlets,00BGGB,Bromley-by-Bow,7793,3354,1030,1001,610,1421,377
London,Inner London,Tower Hamlets,00BGGC,East India and Lansbury,7806,3448,1069,963,620,1307,399
London,Inner London,Tower Hamlets,00BGGD,Limehouse,9005,3185,1005,1125,783,2501,406
London,Inner London,Tower Hamlets,00BGGE,Mile End and Globe Town,8417,3212,846,995,1000,2018,346
London,Inner London,Tower Hamlets,00BGGF,Mile End East,7966,3046,883,991,802,1895,349
London,Inner London,Tower Hamlets,00BGGG,Millwall,10521,2191,878,1298,1044,4751,359
London,Inner London,Tower Hamlets,00BGGH,St Dunstan`s and Stepney Green,8609,3477,835,1040,744,2147,366
London,Inner London,Tower Hamlets,00BGGJ,St Katherine`s and Wapping,9147,1844,744,1105,947,4199,308
London,Inner London,Tower Hamlets,00BGGK,Shadwell,8458,3186,875,1105,778,2199,315
London,Inner London,Tower Hamlets,00BGGL,Spitalfields and Banglatown,6156,2174,595,738,577,1841,231
London,Inner London,Tower Hamlets,00BGGM,Weavers,8381,3275,849,1098,611,2220,328
London,Inner London,Tower Hamlets,00BGGN,Whitechapel,8792,2835,812,1060,916,2881,288
London,Outer London,Waltham Forest,00BHFX,Cann Hall,8185,2328,1261,1387,686,2016,507
London,Outer London,Waltham Forest,00BHFY,Cathall,7695,2195,1057,1303,710,2005,425
London,Outer London,Waltham Forest,00BHFZ,Chapel End,7837,2187,1456,1438,614,1658,484
London,Outer London,Waltham Forest,00BHGA,Chingford Green,6756,1934,1187,1340,508,1282,505
London,Outer London,Waltham Forest,00BHGB,Endlebury,7367,2187,1365,1575,588,1113,539
London,Outer London,Waltham Forest,00BHGC,Forest,7884,2082,1020,1260,784,2309,429
London,Outer London,Waltham Forest,00BHGD,Grove Green,8791,2182,1156,1461,871,2702,419
London,Outer London,Waltham Forest,00BHGE,Hale End and Highams Park,7160,1920,1347,1461,564,1401,467
London,Outer London,Waltham Forest,00BHGF,Hatch Lane,6861,2227,1275,1284,525,1040,510
London,Outer London,Waltham Forest,00BHGG,High Street,8478,2137,1091,1323,840,2654,433
London,Outer London,Waltham Forest,00BHGH,Higham Hill,7827,2701,1208,1327,563,1485,543
London,Outer London,Waltham Forest,00BHGJ,Hoe Street,8573,2198,1030,1353,761,2798,433
London,Outer London,Waltham Forest,00BHGK,Larkswood,7488,2352,1406,1584,539,1039,568
London,Outer London,Waltham Forest,00BHGL,Lea Bridge,9009,2595,1410,1496,854,2095,559
London,Outer London,Waltham Forest,00BHGM,Leyton,8836,2790,1249,1501,762,2001,533
London,Outer London,Waltham Forest,00BHGN,Leytonstone,8202,1765,905,1334,839,2992,367
London,Outer London,Waltham Forest,00BHGP,Markhouse,8006,2393,1122,1297,697,2056,441
London,Outer London,Waltham Forest,00BHGQ,Valley,7612,2523,1457,1548,517,974,593
London,Outer London,Waltham Forest,00BHGR,William Morris,8243,2145,1162,1359,753,2422,402
London,Outer London,Waltham Forest,00BHGS,Wood Street,8231,2443,1173,1364,621,2098,532
London,Inner London,Wandsworth,00BJFZ,Balham,10351,1229,642,1209,1055,5914,302
London,Inner London,Wandsworth,00BJGA,Bedford,10570,1369,835,1356,1087,5561,362
London,Inner London,Wandsworth,00BJGB,Earlsfield,10228,1900,898,1400,1073,4529,428
London,Inner London,Wandsworth,00BJGC,East Putney,10666,1073,617,1260,1070,6300,346
London,Inner London,Wandsworth,00BJGD,Fairfield,10000,1282,677,1295,1050,5380,316
London,Inner London,Wandsworth,00BJGE,Furzedown,10174,2118,1115,1605,1153,3717,466
London,Inner London,Wandsworth,00BJGF,Graveney,10568,1947,1046,1514,1125,4547,389
London,Inner London,Wandsworth,00BJGG,Latchmere,9472,2285,1061,1368,870,3371,517
London,Inner London,Wandsworth,00BJGH,Nightingale,10405,1240,705,1322,1059,5782,297
London,Inner London,Wandsworth,00BJGJ,Northcote,10238,1110,564,1132,1017,6155,260
London,Inner London,Wandsworth,00BJGK,Queenstown,9937,1931,902,1430,1048,4145,481
London,Inner London,Wandsworth,00BJGL,Roehampton,9363,2552,1017,1372,1741,2161,520
London,Inner London,Wandsworth,00BJGM,St Mary`s Park,9920,1758,824,1414,1237,4251,436
London,Inner London,Wandsworth,00BJGN,Shaftesbury,10417,1596,681,1168,920,5676,376
London,Inner London,Wandsworth,00BJGP,Southfields,11066,1544,876,1490,1206,5533,417
London,Inner London,Wandsworth,00BJGQ,Thamesfield,9967,950,483,1103,1037,6139,255
London,Inner London,Wandsworth,00BJGR,Tooting,10612,2069,947,1427,1278,4432,459
London,Inner London,Wandsworth,00BJGS,Wandsworth Common,10350,1522,911,1625,1144,4734,414
London,Inner London,Wandsworth,00BJGT,West Hill,11080,2206,946,1525,1437,4360,606
London,Inner London,Wandsworth,00BJGU,West Putney,9263,1737,737,1273,1111,4017,388
London,Inner London,Westminster,00BKGA,Abbey Road,7326,870,461,923,821,4060,191
London,Inner London,Westminster,00BKGB,Bayswater,6861,743,439,736,866,3853,224
London,Inner London,Westminster,00BKGC,Bryanston and Dorset Square,9204,862,446,1045,1465,5124,262
London,Inner London,Westminster,00BKGD,Churchill,6219,1694,688,987,630,1891,329
London,Inner London,Westminster,00BKGE,Church Street,4845,1511,528,668,517,1361,260
London,Inner London,Westminster,00BKGF,Harrow Road,6666,1516,749,911,711,2501,278
London,Inner London,Westminster,00BKGG,Hyde Park,8697,911,417,946,1270,4900,253
London,Inner London,Westminster,00BKGH,Knightsbridge and Belgravia,7472,784,455,1110,1525,3374,224
London,Inner London,Westminster,00BKGJ,Lancaster Gate,10282,1157,517,1104,1417,5723,364
London,Inner London,Westminster,00BKGK,Little Venice,6487,926,390,752,701,3496,222
London,Inner London,Westminster,00BKGL,Maida Vale,7648,1167,597,919,764,3862,339
London,Inner London,Westminster,00BKGM,Marylebone High Street,7661,661,389,828,1019,4513,251
London,Inner London,Westminster,00BKGN,Queen`s Park,6783,2115,808,1092,608,1754,406
London,Inner London,Westminster,00BKGP,Regent`s Park,8499,1258,519,952,1000,4479,291
London,Inner London,Westminster,00BKGQ,St James`s,7308,1302,686,1196,793,3040,291
London,Inner London,Westminster,00BKGR,Tachbrook,6883,1049,480,875,785,3446,248
London,Inner London,Westminster,00BKGS,Vincent Square,6773,1208,603,887,833,2992,250
London,Inner London,Westminster,00BKGT,Warwick,6960,933,446,853,784,3714,230
London,Inner London,Westminster,00BKGU,Westbourne,7511,1970,752,1011,747,2691,340
London,Inner London,Westminster,00BKGW,West End,6392,864,376,850,895,3183,224
